aahhh,0.4
aaiieeee,0.3
aa-oo-gah,0.5
abandon,-1.9
abandoned,-2
abandoning,-1.6
abdic,-1.5
abduct,-2.5
abducted,-2.3
abduction,-2.8
abductor,-2.4
abend,-0.3
abhorr,-3
abhorrent,-3.1
abid,1.6
abigail,2.3
abilities,1
ability,1.3
abishua,2
abject,-1.4
aboard,0.1
abondanza,1.2
abort,-0.2
abscond,-0.8
absenc,-0.2
absent,-0.2
absente,-0.2
absentee,-1.1
absolve,1.2
absolved,1.5
abstain,-0.9
abstin,-0.9
absurd,-0.9
abund,0.8
abundantli,0.8
abus,-1.5
abuse,-3.2
a-busi,-0.5
abusing,-2
abusive,-3.2
abuzz,-1.2
abyss,-0.7
abyssinian,-0.7
accent,0.8
accentu,0.8
accept,1.6
acceptable,1.3
acceptance,2
accepted,1.1
accepting,1.6
accepts,1.3
accident,-2.1
accidént,-0.3
accidental,-0.3
accidentally,-1.4
accidents,-1.3
acclaim,1.6
acclaimed-,1.6
accolad,1.6
accomplish,1.8
accomplished,1.9
accord,0.7
accredit,0.9
accuraci,0.5
accusation,-1
accusations,-1.3
accuse,-0.8
accused,-1.2
accuses,-1.4
accusing,-0.7
ace,0.9
a-chant,-0.3
ache,-1.6
a-cheer,0.9
aches,-1
achievable,1.3
aching,-2.2
acquir,0.5
acquit,0.8
acquitted,1
active,1.7
actively,1.3
acut,-0.8
adept,1.6
adequ,0.4
adequate,0.9
adieu,1.6
adil,0.4
adio,0.4
adject,-0.5
adjourn,-0.7
admir,0.8
admiral,1.3
admirals,1.5
admiration,2.5
admire,2.1
admired,2.3
admirer,1.8
admiring,1.6
admit,0.8
admits,1.2
admitted,0.4
adopt,0.7
adopts,0.7
ador,1.7
adorable,2.2
adore,2.6
adored,1.8
adoring,2.6
advanc,0.9
advanced,1
advantag,0.5
advantage,1
advantageous,1.5
advantages,1.5
adventur,0.8
adventure,1.3
adventures,1.4
adventurestar,0.9
adventurous,1.4
adversari,-0.8
adversaries,-1
adversary,-0.8
adversity,-1.8
advertis,-0.8
advertiser-support,-0.8
affected,-0.6
affection,2.4
affectionate,1.9
afflict,-1.6
affront,-1.8
aficionado,-0.2
aforethought,0.7
afraid,-0.2
a-frettin,-0.7
aggravate,-2.5
aggravated,-1.9
aggress,-0.8
aggression,-1.2
aggressive,-0.6
aggro,-0.8
aghast,-1.9
agin,-1.2
agitate,-1.7
agitated,-2
agitator,-1.4
agog,1.9
agon,-1.9
agoni,-1.9
agonia,-1.9
agonizing,-2.7
agony,-1.8
a-googily-doogili,0.9
agre,0.9
agree,1.5
agreeability,1.9
agreeabl,0.9
agreed,1.1
agreed-upon,0.9
agreeing,1.4
agreement,2.2
agreements,1.1
agrees,0.8
aguantes,0.7
ahdnoy,-1.8
ahead,0.7
ahead-a,0.7
ahem,0.8
ahem-glaven,0.8
ah-huh,-0.3
ahitub,0.9
ah-oo-ga,0.2
ahoy,0.2
ahoy-hoy,0.3
ahoy-hoy-hoy,0.6
aid,0.8
aie-ya-yai,0.4
aight,1.6
aiiee,1.6
aikman,1.6
ail,-1.2
aiyeee,0.3
ai-yi-yi-yi,0.3
akira,0.9
alarm,-1.4
alarmed,-1.4
alarming,-0.5
alarms,-1.1
alas,-1.1
albatross,-1.8
albright,0.4
alert,1.2
alienation,-1.1
alive,1.6
allergic,-1.2
allll-right,0.8
allow,0.9
allright,0.8
all-righti,0.8
all-riight,0.8
all-star,0.8
allur,1.8
allwrong,-1.8
almighti,1.8
aloha,1.8
a-lo-ha,1.8
alohao,1.8
alomar,1.8
alone,-1
aloof,-0.2
alright,1
amanda,1.9
amaretto,1.4
amariah,0.8
amarillo,0.7
amateur,-0.2
amaze,2.5
amazed,2.2
amazes,2.2
amazing,2.8
amazon,0.7
ambitious,2.1
amen,1.4
a-men,1.4
amiabl,0.5
amiga,1.5
amigo,1.5
amor,3
amoré,2.8
amoria,2.8
amoroso,2.3
amorous,1.8
amscray,0.9
amuse,1.7
amused,1.8
amusement,1.5
amusing,1.6
and-i-want-you-to-get-your-fingers-out-of-my-mouth,-0.4
angel,3
angela,3
angelica,3
angelid,3
angelina,3
angeliqu,3
angelo,3
angelsand,3
anger,-2.7
angers,-2.3
angri,-3
angrier,-2.3
angry,-2.3
anguish,-2.9
anguished,-1.8
annoy,-1.9
annoyance,-1.3
annoyed,-1.6
annoying,-1.7
anon,0.2
a-nooo,-0.5
a-not,-0.8
antagonism,-1.9
anti,-1.3
anticipation,0.4
anti-theft,0.3
anxieti,-0.3
anxieties,-0.6
anxiety,-0.7
anxiou,-0.3
anxious,-1
anxiously,-0.9
apathi,-1.4
apathy,-1.2
aphrodisiac,0.5
aphrodit,0.5
apocalyps,-3.6
apocalyptic,-3.4
apologize,0.4
apologized,1.3
apologizing,-0.3
apology,0.2
appalled,-2
appalling,-1.5
appalls,-1.9
appease,1.1
appeased,0.9
applaud,2
applauding,2.1
applauds,1.4
applaus,1.9
applause,1.8
applause-o-met,2
apple-cheek,1.3
apprais,1.8
appreci,1.8
appreciate,1.7
appreciated,2.3
appreciates,2.3
appreciating,1.9
appreciation,2.3
appreciative,2.6
apprehend,-2.3
apprehens,-2.3
appropri,0.3
approv,0.6
approval,2.1
approved,1.8
approves,1.7
ardent,2.1
ardor,2.6
arduou,2.6
arduous,2.6
argue,-1.4
argued,-1.5
arguing,-2
argument,-1.5
arguments,-1.7
arrest,-1.4
arrested,-2.1
arrests,-1.9
arrogant,-2.2
ascend,0.7
ascens,0.7
ascent,0.7
ascertain,0.7
ashamed,-2.1
ash-hole-tray,-0.6
aspir,0.2
aspirin,0.3
ass,-2.5
assail,-0.6
assassination,-2.9
assault,-2.8
assaulted,-2.4
asset,1.5
assets,0.7
ass-groov,-0.8
ass-jerk,-0.9
assure,1.4
assured,1.5
assuredly,1.6
ass-whomp,-1.4
ass-whuppin,-1.6
astound,1.7
astounded,1.8
astounding,1.8
astounds,2.1
a-stupid,-0.7
attachment,1.2
attachments,1.1
attack,-2.1
attacked,-2
attacking,-2
attacks,-1.9
attract,1.5
attracted,1.8
attracting,2.1
attraction,2
attractions,1.8
attractive,1.9
attracts,1.7
authority,0.3
aversion,-1.9
avert,-0.7
averted,-0.3
avid,1.2
avoid,-1.2
avoided,-1.4
avoider,-1.8
avoiding,-1.4
avoids,-0.7
await,0.4
awaited,-0.1
awaits,0.3
award,2.5
awarded,1.7
awards,2
awesome,3.1
awful,-2
awkward,-0.6
awkwardly,-1.3
awkwardness,-0.7
axe,-0.4
b?,2.3
backed,0.1
backing,0.1
backs,-0.2
bad,-2.5
badass,-0.6
badly,-2.1
bailout,-0.4
ban,-2.6
banish,-1.9
bankrupt,-2.6
banned,-2
bargain,0.8
barrier,-0.5
bashful,-0.1
bastard,-2.5
bastardized,-2
bastards,-3
battle,-1.6
battlefield,-1.6
battleground,-1.7
battlements,-0.4
battles,-1.6
battleship,-0.1
battling,-1.1
beaten,-1.8
beating,-2
beaut,1.6
beauti,3
beauties,2.4
beautifiers,1.7
beautiful,2.9
beautifully,2.7
beautify,2.3
beauty,2.8
belittled,-2
beloved,2.3
beneficial,1.9
benefit,2
benefits,1.6
benefitting,1.9
benevolent,2.7
best,3.2
betray,-3.2
betrayal,-2.8
betrayed,-3
betraying,-2.5
better,1.9
bfd,-2.7
bias,-0.4
biased,-1.1
bitch,-2.8
bitches,-2.9
bitching,-1.1
bitter,-1.8
bitterly,-2
bitterness,-1.7
bitters,-0.4
bittersweet,-0.3
bizarre,-1.3
blacken,-2
blah,-0.4
blam,-0.2
blame,-1.4
blamed,-2.1
blames,-1.7
blaming,-2.2
bless,1.8
blessed,2.9
blesser,2.6
blessing,2.2
blessings,2.5
blind,-1.7
bliss,2.7
blissful,2.9
block,-1.9
blockbuster,2.9
blocked,-1.1
blocking,-1.6
blocks,-0.9
bloody,-1.9
blurry,-0.4
bold,1.6
boldly,1.5
bomb,-2.2
bonus,2.5
bonuses,2.6
boost,1.7
bore,-1
bored,-1.1
boredom,-1.3
boring,-1.3
bother,-1.4
bothered,-1.3
bothering,-1.6
bothers,-0.8
boycott,-1.3
boycotted,-1.7
brainwashing,-1.5
brave,2.4
bravely,2.3
braver,2.4
bravery,2.2
braves,1.9
bravest,2.3
breathtaking,2
bribe,-0.8
bright,1.9
brighten,1.9
brightened,2.1
brighter,1.6
brightest,3
brightly,1.5
brilliance,2.9
brilliant,2.8
brilliantly,3
broke,-1.8
broken,-2.1
brooding,0.1
brutal,-3.1
brutality,-3
brutalize,-2.9
brutally,-3
bullied,-3.1
bully,-2.2
bullying,-2.9
bummer,-1.6
burden,-1.9
burdensome,-1.8
calm,1.3
calmative,1.1
calming,1.7
calmly,1.3
cancel,-1
cancelled,-1
cancelling,-0.8
cancels,-0.9
cancer,-3.4
capable,1.6
captivated,1.6
care,2.2
cared,1.8
carefree,1.7
careful,0.6
carefully,0.5
careless,-1.5
carelessness,-1.4
cares,2
caring,2.2
casual,0.8
catastrophe,-3.4
catastrophic,-2.2
cautious,-0.4
celebrate,2.7
celebrated,2.7
celebrates,2.7
celebrating,2.7
censor,-2
certain,1.1
certainly,1.4
certainty,1
challenge,0.3
challenged,-0.4
challenger,0.5
challenges,0.3
challenging,0.6
champ,2.1
champagne,1.2
champagnes,0.5
champignons,0.2
champion,2.9
champions,2.4
championship,1.9
championships,2.2
champs,1.8
chance,1
chances,0.8
chaos,-2.7
charged,-0.8
charges,-1.1
charitable,1.7
charities,2.2
charity,1.8
charm,1.7
charmed,2
charmer,1.9
charming,2.8
charms,1.9
cheap,-2
cheat,-2
cheated,-2.3
cheater,-2.5
cheaters,-1.9
cheating,-2.6
cheats,-1.8
cheer,2.3
cheered,2.3
cheerful,2.5
cheerfully,2.1
cheerier,2.6
cheering,2.3
cheerio,1.2
cheerleader,0.9
cheerleaders,1.2
cheerleading,1.2
cheers,2.1
cheery,2.6
cherish,1.6
cherished,2.3
cherishes,2.2
chic,1.1
childish,-1.2
chilling,-0.1
choke,-2.5
choked,-2.1
chokes,-2
choking,-2
chuckle,1.7
chuckles,1.1
chuckling,1.4
clarity,1.7
classy,1.9
clean,1.7
cleaner,0.7
clear,1.6
cleared,0.4
clearly,1.7
clears,0.3
clever,2
cleverest,2.6
cleverly,2.3
clouded,-0.2
clueless,-1.5
cock,-0.6
cocky,-0.5
collapse,-2.2
collapsed,-1.1
collapses,-1.2
collide,-0.3
collision,-1.5
combat,-1.4
comedian,1.6
comedians,1.2
comedic,1.7
comedienne,0.6
comedies,1.7
comedy,1.5
comfort,1.5
comfortable,2.3
comfortably,1.8
comforting,1.7
commend,1.9
commit,1.2
commitment,1.6
committed,1.1
committing,0.3
compassion,2
compassionate,2.2
compelled,0.2
compelling,0.9
competent,1.3
competitive,0.7
complacent,-0.3
complain,-1.5
complained,-1.7
complaining,-0.8
complains,-1.6
complaint,-1.2
complaints,-1.7
compliment,2.1
complimentary,1.9
complimented,1.8
complimenting,2.3
compliments,1.7
comprehensive,1
condemn,-1.6
condemned,-1.9
condemns,-2.3
confidence,2.3
confident,2.2
confidently,2.1
conflict,-1.3
conflicting,-1.7
conflicts,-1.6
confront,-0.7
confrontation,-1.3
confronted,-0.8
confuse,-0.9
confused,-1.3
confusing,-0.9
confusion,-1.2
congratulate,2.2
congratulations,2.9
consent,0.9
considerate,1.9
conspiracy,-2.4
contagious,-1.4
contempt,-2.8
contemptible,-1.6
contend,0.2
contentious,-1.2
contentment,1.5
contradict,-1.3
contradicts,-1.4
controversial,-0.8
convince,1
convinced,1.7
convincing,1.7
cool,1.3
cornered,-1.1
corpse,-2.7
costly,-0.4
courage,2.2
courageous,2.4
courteous,2.3
courtesy,1.5
coward,-2
cowardly,-1.6
cramp,-0.8
crap,-1.6
crappy,-2.6
crash,-1.7
craze,-0.6
crazed,-0.5
crazier,-0.1
craziest,-0.2
craziness,-1.6
crazy,-1.4
create,1.1
created,1
creates,1.1
creating,1.2
creation,1.1
creationism,0.7
creationists,0.5
creations,1.6
creative,1.9
creatively,1.5
creativity,1.6
credit,1.6
creditor,-0.1
credits,1.5
crestfallen,-2.5
cried,-1.6
cries,-1.7
crime,-2.5
criminal,-2.4
criminals,-2.7
crisis,-3.1
critic,-1.1
critical,-1.3
criticism,-1.9
criticisms,-0.9
criticize,-1.6
criticized,-1.5
criticizing,-1.5
critics,-1.2
crude,-2.7
crudely,-1.2
cruel,-2.8
cruelest,-2.6
cruelly,-2.8
cruelty,-2.9
crush,-0.6
crushed,-1.8
crushes,-1.9
crushing,-1.5
cry,-2.1
crying,-2.1
curious,1.3
curse,-2.5
cut,-1.1
cute,2
cuteness,2.3
cuter,2.3
cutest,2.8
cutesy,2.1
cutie,1.5
cuts,-1.2
cutting,-0.5
cynical,-1.6
dadpleas,-0.7
damage,-2.2
damaged,-1.9
damages,-1.9
damaging,-2.3
damnation,-2.6
damned,-1.6
damning,-1.4
damnit,-2.4
danc,1.9
danger,-2.4
dangerous,-2.1
dangerously,-2
dangers,-2.2
daredevil,0.5
daring,1.5
darkest,-2.2
darkness,-1
darling,2.8
darlings,2.2
dead,-3.3
deadlock,-1.4
dear,1.6
dearest,2.6
dearie,2.2
dearly,1.8
death,-2.9
debonair,0.8
debt,-1.5
decay,-1.7
decaying,-1.7
deceit,-2
deceitful,-1.9
deceive,-1.7
deceived,-1.9
deception,-1.9
decisive,0.9
dedicated,2
defeat,-2
defeated,-2.1
defeats,-1.3
defect,-1.4
defected,-1.7
defective,-1.9
defectives,-1.8
defects,-1.7
defender,0.4
defense,0.5
defenseless,-1.4
defensively,-0.6
defiant,-0.9
deficit,-1.7
definite,1.1
definitely,1.7
degradation,-2.4
degraded,-1.8
degrading,-2.8
dehumanizing,-2.4
delay,-1.3
delayed,-0.9
delectable,2.9
delicaci ,2.5
delicate,0.2
delicately,1
delicates,0.6
delicious,2.7
deliciousness,1.8
delight,2.9
delighted,2.3
delightful,2.8
delightfully,2.7
delightfulness,2.1
delighting,1.6
delights,2
demand,-0.5
demanded,-0.9
demanding,-0.9
demonstration,0.4
denied,-1.9
denier,-1.5
denounce,-1.4
deny,-1.4
denying,-1.4
depart,-2
departed,-4
departing,-4
depress,-2.2
depressant,-1.6
depressed,-2.3
depressing,-1.6
depression,-2.7
depressive,-1.6
deprivation,-1.8
deprive,-2.1
deprived,-2.1
derail,-1.2
derailed,-1.4
derails,-1.3
deride,-1.1
desirable,1.3
desire,1.7
despair,-1.3
desperate,-1.3
desperately,-1.6
desperation,-2
despise,-1.4
despised,-1.7
despondent,-2.1
destroy,-2.5
destroyed,-2.2
destroyer,-2
destroying,-2.6
destruct,-2.4
destruction,-2.7
destructive,-3
detached,-0.5
detention,-1.5
determination,1.7
determined,1.4
devastated,-3
devastating,-3.3
devastation,-1.8
devil,-3.4
deviled,-1.6
devilish,-2.1
devilled,-2.3
devils,-2.7
devote,1.4
devoted,1.7
devotee,1.6
devotion,2
diamond,1.4
dick,-2.3
die,-2.9
died,-2.6
difficult,-1.5
difficulties,-1.2
difficulty,-1.4
dignified,2.2
dignify,1.8
dignitaries,0.6
dignity,1.7
dilemma,-0.7
dire,-2
dirt,-1.4
dirty,-1.9
disabling,-2.1
disadvantaged,-1.7
disagree,-1.6
disagreeable,-1.7
disagreement,-1.5
disappear,-0.9
disappeared,-0.9
disappears,-1.4
disappoint,-1.7
disappointed,-2.1
disappointing,-2.2
disappointment,-2.3
disappointments,-2
disaster,-3.1
disasters,-2.6
disastrous,-2.9
disbelieve,-1.2
discard,-1
discarded,-1.4
discomforting,-1.6
discord,-1.7
discourage,-1.8
discouraged,-1.7
discouraging,-1.9
discredited,-1.9
disdain,-2.1
disgrace,-2.2
disgraced,-2
disguise,-1
disguised,-1.1
disguises,-1
disgust,-2.9
disgusted,-2.4
disgusting,-2.4
disgusts,-2.1
disheartened,-2.2
dishonest,-2.7
disillusioned,-1.9
disillusioning,-1.3
disillusionment,-1.7
disjointed,-1.3
dislike,-1.6
dismal,-3
disorder,-1.7
disoriented,-1.5
disparaging,-2.2
displeased,-1.9
dispute,-1.7
disputed,-1.4
disputes,-1.1
disputing,-1.7
disregard,-1.1
disrespect,-1.8
disruptive,-1.3
dissatisfied,-1.6
distract,-1.2
distracted,-1.4
distracting,-1.2
distraction,-1.6
distractions,-1
distracts,-1.3
distress,-2.4
distrustful,-2.1
disturb,-1.7
disturbance,-1.6
disturbed,-1.6
disturbing,-2.3
disturbingly,-2.3
disturbs,-1.9
divine,2.6
divinely,2.9
diving,0.3
divinity,2.7
dizzy,-0.9
doa,-2.3
dodging,-0.4
dominance,0.8
dominate,-0.5
dominating,-1.2
domination,-0.2
doom,-1.7
doomed,-3.2
dooms,-1.1
doomsayer,-0.7
doomsday,-2.8
dork,-1.4
dorks,-0.5
dorky,-1.1
doubt,-1.5
doubted,-1.1
doubtful,-1.4
doubting,-1.4
doubts,-1.2
downside,-1
drag,-0.9
dragged,-0.2
drags,-0.7
drained,-1.5
dread,-2
dreaded,-2.7
dreading,-2.4
dream,1
dreams,1.7
dreary,-1.4
droopy,-0.8
drop,-1.1
drown,-2.7
drowned,-2.9
drunk,-1.4
dubious,-1.5
dud,-1
duh,-1.8
duh-ohhh,-1.8
duh-uh,-1.8
dui,-1.8
dull,-1.7
dullards,-1.8
dulled,-1.5
dullsville,-2.4
dumb,-2.3
dumbass,-2.6
dumbbell,-0.8
dumber,-1.5
dumbest,-2.3
dumbing,-0.5
dumbwaiter,0.2
dump,-1.6
dumped,-1.7
dumping,-1.3
dumpling,0.4
dumplings,-0.3
dumps,-1.7
dumpster,-0.6
dumpsters,-1
dumpy,-1.7
duped,-1.8
dwell,0.5
dweller,0.3
dwellers,-0.3
dwelling,0.1
dyin,-3.8
dynamic,1.6
dynamics,1.1
dynamite,0.7
dynamiters,0.4
dynamiting,0.2
dysfunction,-1.8
eager,1.5
eagerly,1.6
ease,1.5
easel,0.3
easement,1.6
eases,1.3
easier,1.8
easiest,1.8
easily,1.4
easy,1.9
easygoing,1.3
ecstasy,2.9
ecstatic,2.3
eerie,-1.5
effective,2.1
effectively,1.9
efficiency,1.5
efficient,1.8
egotism,-1.4
elegance,2.1
elegant,2.1
elegantly,1.9
embarrass,-1.2
embarrassed,-1.5
embarrasses,-1.7
embarrassing,-1.6
embarrassingly,-1.7
embarrassment,-1.9
embrace,1.3
emergency,-1.6
emotional,0.6
emptied,-0.7
emptier,-0.7
emptiness,-1.9
empty,-0.8
enchanted,1.6
encourage,2.3
encouraged,1.5
encouragement,1.8
encourages,1.9
encouraging,2.4
endorse,1.3
endorsed,1
endorsement,1.3
endorses,1.4
enemies,-2.2
enemy,-2.5
energetic,1.9
energies,0.9
energized,2.3
energizer,2.1
energizing,2
energy,1.1
engage,1.4
engaged,1.7
engagement,2
engages,1
engaging,1.4
enjoy,2.2
enjoyable,1.9
enjoyed,2.3
enjoying,2.4
enjoyment,2.6
enjoys,2.3
enlighten,2.3
enlightened,2.2
enlightening,2.3
ennui,-1.2
enrage,-2.6
enraged,-1.7
enrages,-1.8
enraging,-2.8
enslave,-3.1
enslaved,-1.7
ensure,1.6
enterprising,2.3
entertain,1.3
entertained,1.7
entertainer,1.6
entertainers,1
entertaining,1.9
entertainment,1.8
entertainments,2.3
entertains,2.4
enthusiasm,1.9
enthusiast,1.5
enthusiastic,2.2
enthusiasts,1.4
entitled,1.1
envies,-0.8
envious,-1.1
envy,-1.1
erroneous,-1.8
error,-1.7
errors,-1.4
escape,0.7
escapes,0.5
escaping,0.2
esteemed,1.9
ethical,2.3
eviction,-2
evil,-3.4
evildoers,-2.4
evillest,-3.3
evils,-2.7
exaggerate,-0.6
exaggerated,-0.4
exaggerating,-0.7
excellence,3.1
excellent,2.7
excelsior,0.7
excited,1.4
excitement,2.2
excitements,1.9
exciting,2.2
exclude,-0.9
excluded,-1.4
exclusive,0.5
excuse,0.3
exempt,0.4
exhaust,-1.2
exhausted,-1.5
exhausting,-1.5
exhaustion,-1.5
exhaustive,-0.5
exhilarating,1.7
exonerating,1
expand,1.3
expands,0.4
expel,-1.9
expelled,-1
expelling,-1.6
exploit,-0.4
exploited,-2
exploiting,-1.9
exploits,-1.4
exploration,0.9
expose,-0.6
exposed,-0.3
exposing,-1.1
extend,0.7
exuberant,2.8
fab,2
fabulous,2.4
fad,0.9
faggot,-3.4
fail,-2.5
failed,-2.3
failing,-2.3
fails,-1.8
failure,-2.3
failures,-2
fair,1.3
faith,1.8
faithful,1.9
faithfulness,1.9
faithless,-1
faiths,1.8
fake,-2.1
fakes,-1.8
faking,-1.8
fallen,-1.5
falling,-0.6
fame,1.9
fan,1.3
fantastic,2.6
fantastical,2
farce,-1.7
fascinated,2.1
fascinating,2.5
fascination,2.2
fascist,-2.6
fatal,-2.5
fatalities,-2.9
fatality,-3.5
fatigue,-1
fatigues,-1.3
fault,-1.7
faults,-2.1
faulty,-1.3
favor,1.7
favored,1.8
favorite,2
favorites,1.8
favors,1
fear,-2.2
feared,-2.2
fearing,-2.7
fearless,1.9
fears,-1.8
fearsome,-1.7
feeble,-1.2
feeling,0.5
felonies,-2.5
felony,-2.5
ferocious,-0.4
ferociously,-1.1
festival,2.2
festivals,1.5
festive,2
festivities,2.1
feud,-1.4
feudal,-0.8
feuding,-1.6
fiasco,-2.3
fiery,-1.4
fiesta,2.1
fiestas,1.5
fight,-1.6
fighter,0.6
fighters,-0.2
fighting,-1.5
fights,-1.7
fine,0.8
fire,-1.4
fired,-2.6
firing,-1.4
fit,1.5
fitness,1.1
flatter,0.4
flattered,1.6
flattering,1.3
flatters,0.6
flattery,0.4
flawless,2.3
flawlessly,0.8
flexible,0.9
flirtation,1.7
flirting,0.8
flirty,0.6
flop,-1.4
flops,-1.4
flu,-1.6
flunk,-1.3
flunked,-2.1
flunking,-1.5
flunks,-1.8
focused,1.6
foe,-1.9
foes,-2
fond,1.9
fondly,1.9
fondness,2.5
fool,-1.9
fooled,-1.6
fooling,-1.7
foolish,-1.1
foolishly,-1.8
foolishness,-1.8
foolproof,1.6
fools,-2.2
forbid,-1.3
forbidden,-1.8
forbidding,-1.9
forbids,-1.3
forced,-2
forgave,1.4
forget,-0.9
forgetful,-1.1
forgivable,1.7
forgive,1.1
forgiven,1.6
forgiveness,1.1
forgives,1.7
forgiving,1.9
forgotten,-0.9
fortunate,1.9
fought,-1.3
frantic,-1.9
frantically,-1.4
fraud,-2.8
frauds,-2.3
fraudulent,-2.2
freak,-1.9
freaked,-1.2
freaking,-1.8
freakishly,-0.8
freakouts,-1.5
freaks,-0.4
freaky,-1.5
free,2.3
freebie,1.8
freed,1.7
freedom,3.2
freedoms,1.2
freeing,2.1
freelance,1.2
freelancers,0.4
freeloader,-0.7
freeloaders,-0.1
freeloading,-1.3
freely,1.9
freeman,1.7
freestyle,0.7
freeway,0.2
freeze,0.2
freezers,-0.1
freezes,-0.1
freezing,-0.4
frenzy,-1.3
fresh,1.3
friend,2.2
friended,1.7
friending,1.8
friendless,-1.5
friendlier,2
friendliest,2.6
friendliness,2
friendly,2.2
friends,1
friendship,1.9
fright,-1.6
frighten,-1.4
frightened,-1.9
frightening,-2.2
frighteningly,-2.1
frightens,-1.7
frightful,-2.3
frightfully,-1.7
frisky,1
frowning,-1.4
frustrated,-2.4
frustrating,-1.9
frustration,-2.1
frustrations,-2
fu,-3.7
fuck,-2.5
fulfill,1.9
fulfilled,1.8
fumes,-0.1
fun,2.3
funeral,-1.5
funerals,-1.6
funky,-0.4
funnel,0.1
funneled,0.1
funneling,-0.1
funnelling,0.1
funnest,2.9
funnier,1.7
funnies,1.3
funniest,2.6
funny,1.9
funnyman,1.4
furious,-2.7
fury,-2.7
futile,-1.9
fyi,0.8
gag,-1.4
gagged,-1.3
gain,2.4
gained,1.6
gaining,1.8
gains,1.4
gallant,1.7
gallantry,2.6
geek,-0.8
geeks,-0.4
geeky,-0.6
generosity,2.3
generous,2.3
generously,1.8
gentle,1.9
gentlest,1.8
gently,2
gg,1.2
ghost,-1.3
giddy,-0.6
gift,1.9
giggle,1.8
giggled,1.5
giggling,1.5
giver,1.4
giving,1.4
glad,2
gladly,1.4
glamor,2.1
glamorizes,2.4
glamorizing,1.8
glamorous,2.3
glamorously,2.1
glamour,2.4
glee,3.2
gloom,-2.6
gloomy,-0.6
glories,2.1
glorified,2.3
glorious,3.2
glory,2.5
glum,-2.1
god,1.1
godsend,2.8
good,2.5
goodness,2
gorgeous,3
gorgeously,2.3
gossip,-0.7
gossips,-1.3
gossipy,-1.3
grace,1.8
graced,0.9
graceful,2
gracefully,2.4
graces,1.6
gracious,2.6
graciousness,2.4
grand,2
grandeur,2.4
grant,1.5
granted,1
granting,1.3
grants,0.9
grateful,2
gratifying,2.3
gratin,0.4
grating,-0.4
gratitude,2.3
grave,-1.6
gravel,-0.5
gravelly,-0.9
gravely,-1.5
graven,-0.9
graves,-1.2
gravest,-1.3
gravestone,-0.7
graveyard,-1.2
great,3.1
greater,1.5
greatest,3.2
greed,-1.7
greediness,-1.7
greedy,-1.3
greet,1.3
greeted,1.1
greeting,1.6
greetings,1.8
grey,0.2
grief,-2.2
grievance,-2.1
grieving,-2.3
grievous,-2
grim,-2.7
grime,-1.5
grimes,-1
grimy,-1.8
grin,2.1
grinning,1.5
grins,0.9
gross,-2.1
grossed,-0.4
grossest,-2.1
grossly,-0.9
grouch,-2.2
grouchy,-1.9
growing,0.7
growth,1.6
grrr,-0.4
grumpy,-3
gu?,-1.4
guarantee,1
guilt,-1.1
guilty,-1.8
gullible,-1.5
gun,-1.4
ha,1.4
hacked,-1.7
hail,0.3
hailed,0.9
hallelujah,3
hand,2.2
handsome,2.2
handsomely,1.9
handsomer,2
handsomest,2.6
happi,3
happier,2.4
happiest,3.2
happily,2.6
happiness,2.6
happy,2.7
harass,-2.2
harassed,-2.5
harassing,-2.5
harassment,-2.5
hard,-0.4
hardship,-1.3
hardy,1.7
harm,-2.5
harmed,-2.1
harming,-2.6
harmless,1
harmlessly,1.4
harmonica,0.6
harmonies,1.3
harmony,1.7
harms,-2.2
harried,-1.4
harsh,-1.9
harshest,-2.9
hate,-2.7
hated,-3.2
hateful,-2.2
hater,-1.8
haters,-2.2
hates,-1.9
hating,-2.3
hatred,-3.2
haunt,-1.7
haunted,-2.1
haunting,-1.1
haunts,-1
havoc,-2.9
healthy,1.7
heartbreak,-2.7
heartbreaker,-2.2
heartbreaking,-2
heartbroken,-3.3
heartfelt,2.5
heartless,-2.2
hearttoheart,3
heartwarming,2.1
heaven,2.3
heavenly,3
heavens,1.7
heh,-0.6
hehheh,2.6
hell,-3.6
hellish,-3.2
help,1.7
helper,1.4
helpers,1.1
helpful,1.8
helping,1.2
helpless,-2
helps,1.6
hero,2.6
heroes,2.3
heroic,2.6
heroically,2.4
heroics,2.4
heroin,-2.2
heroine,2.7
heroism,2.8
hesitate,-1.1
hesitated,-1.3
hesitating,-1.4
hid,-0.4
hide,-0.7
hides,-0.7
hiding,-1.2
highlight,1.4
hilarious,1.7
hoax,-1.1
holiday,1.7
holidays,1.6
holy,1.2
homesick,-0.7
homesickness,-1.8
honest,2.3
honestly,2
honesty,2.2
honor,2.2
honorable,2.5
honorarium,0.7
honorary,1.4
honored,2.8
honoree,2.1
honoring,2.3
honors,2.3
hooligan,-1.5
hooligans,-1.1
hooray,2.3
hope,1.9
hoped,1.6
hopeful,2.3
hopefully,1.7
hopeless,-2
hopelessly,-2.2
hopes,1.8
hoping,1.8
horrible,-2.5
horribly,-2.4
horrid,-2.5
horrific,-3.4
horrified,-2.5
horrify,-2.5
horrifying,-2.7
horror,-2.7
horrors,-2.7
hostile,-1.6
hostility,-2.5
hug,2.1
huge,1.3
hugged,1.7
hugger,1.6
huggers,1.8
hugging,1.8
hugs,2.2
humiliate,-2.5
humiliated,-1.4
humiliates,-1
humiliating,-1.2
humiliation,-2.7
humor,1.1
humoring,2.1
humorist,1.2
humorless,-1.3
humorous,1.6
humorously,2.3
humors,1.6
humour,2.1
hunger,-1
hurrah,2.6
hurray,2.7
hurt,-2.4
hurtful,-2.4
hurting,-1.7
hurtles,-1
hurts,-2.1
hypocritical,-2
hysteria,-1.9
hysterical,-0.1
hysterics,-1.8
ideal,2.4
idealistic,1.8
idealized,1.8
ideally,1.8
ideals,0.8
idiot,-2.3
idiotic,-2.6
ignorami,-1.9
ignoramus,-1.9
ignorance,-1.5
ignorant,-1.1
ignore,-1.5
ignored,-1.3
ignoring,-1.7
ill,-1.7
illegal,-2.6
illiteracy,-1.9
illness,-1.7
imbecile,-2.2
immoral,-2
immortal,1
immune,1.2
impatience,-1.8
impatient,-1.2
impatiently,-1.7
imperfect,-1.3
impersonal,-1.3
impolite,-1.6
importance,1.5
important,2
importantly,1.3
impose,-1.2
imposed,-0.3
imposing,-0.4
impotent,-1.1
impress,1.9
impressed,2.1
impresses,2.1
impressing,2.5
impression,0.9
impressionable,0.2
impressionists,0.5
impressions,0.9
impressive,2.3
imprisoned,-2
improve,1.9
improved,2.1
improvement,2
incapable,-1.6
incentive,1.5
incentives,1.3
incompetence,-2.3
incompetent,-2.1
inconsiderate,-1.9
inconvenience,-1.5
increase,1.3
increased,1.1
indecisiveness,-1.3
indestructible,0.6
indifference,-0.2
indifferent,-0.8
indignant,-1.8
indignation,-2.4
ineffective,-0.5
infatuated,0.2
infatuation,0.6
infected,-2.2
inferior,-1.7
inflamed,-1.4
influential,1.9
infuriating,-2.4
injured,-1.7
injury,-1.8
injustice,-2.7
innocence,1.6
innocent,1.4
innocently,1.4
innovation,1.6
innovative,1.9
inquisition,-1.2
inquisitive,0.7
insane,-1.7
insanity,-2.7
insecure,-1.8
insecurity,-1.8
insensitive,-0.9
insignificant,-1.4
insincere,-1.8
insipid,-2
inspiration,2.4
inspirational,2.3
inspire,2.7
inspired,2.2
inspiring,1.8
insult,-2.3
insulted,-2.3
insulting,-2.2
insults,-1.8
intact,0.8
integrity,1.6
intellect,2
intellects,1.8
intellectual,2.3
intellectualism,2.2
intellectuals,1.6
intelligence,2.1
intelligent,2
intense,0.3
interest,2
interested,1.7
interesting,1.7
interests,1
interrupt,-1.4
interrupting,-1.2
interruption,-1.5
interruptions,-1.7
intimidated,-1.9
intimidating,-1.9
intimidation,-1.8
intricate,0.6
invincible,2.2
invite,0.6
inviting,1.3
invulnerable,1.3
iou,0.7
ironic,-0.5
irony,-0.2
irresistible,1.4
irresponsible,-1.9
irritable,-2.1
irritate,-1.8
irritating,-2
isolate,-0.8
isolated,-1.3
isolation,-1.7
itchy,-1.1
j?,1
jackass,-1.8
jackasses,-2.8
jaded,-1.6
jail,-3
jailed,-2.2
jails,-2
jaunty,1.2
jealous,-2
jealousy,-1.3
jeopardy,-2.1
jerked,-0.8
jerks,-1.1
jewel,1.5
jewels,2
jj,1
jk,0.9
join,1.2
joke,1.2
joker,0.5
jokes,1
joking,0.9
jollier,2.4
jolly,2.3
joy,2.8
joyful,2.9
joyless,-2.5
joylessly,-1.7
joyous,3.1
joyriding,0.9
joys,2.2
joystick,0.7
jp,0.8
jubilant,3
juiciest,2
justice,2.4
justified,1.7
k?,1.5
keen,1.5
kia,-3.2
kidding,0.4
kill,-3.7
killed,-3.5
killer,-3.3
killers,-3.3
killing,-3.4
killjoy,-2.1
kills,-2.5
kind,2.4
kinder,2.2
kindly,2.2
kindness,2
kindnesses,2.3
kiss,1.8
kissed,1.6
kisser,1.7
kisses,2.3
kissing,2.7
kissy,1.8
kudos,2.3
l,2
lack,-1.3
lag,-1.4
lame,-1.8
lament,-2
lamentably,-1.5
lamentation,-1.4
lamentations,-1.9
lamenting,-2
lamer,-1.4
lames,-1.2
lamest,-1.5
landmark,0.3
late,-2
laugh,2.6
laughable,0.2
laughed,2
laugher,1.7
laughing,2.2
laughs,2.2
laughter,2.2
launched,0.5
lawsuit,-0.9
lawsuits,-0.6
lazier,-2.3
laziest,-2.7
lazy,-1.5
leak,-1.4
leave,-0.2
legal,0.5
legally,0.4
lenient,1.1
lethargic,-1.2
liability,-0.8
liar,-2.3
liars,-2.4
libertarian,0.9
liberties,2.3
liberty,2.4
lied,-1.6
lies,-1.8
lifesaver,2.8
lighthearted,1.8
like,1
liked,1.8
likes,1.8
liking,1.7
limited,-0.9
litigious,-0.8
livelier,1.7
livelihood,0.8
lively,1.9
loathe,-2.2
loathed,-2.1
loathing,-2.7
lobby,0.1
lobbying,-0.3
lol,2.9
lone,-1.1
lonelier,-1.4
loneliest,-2.4
loneliness,-1.8
lonely,-1.5
loner,-1.3
loners,-0.9
lonesome,-1.5
longing,-0.1
loom,-0.9
loomed,-1.1
looming,-0.5
loose,-1.3
lose,-1.7
loser,-2.4
losers,-2.4
loses,-1.3
losing,-1.6
loss,-1.3
losses,-1.7
lost,-1.3
louse,-1.6
lousiest,-2.6
lousiness,-1.7
lousing,-1.1
lousy,-2.5
lovable,3
love,3.2
loved,2.9
lovely,2.8
lover,2.8
loverly,2.8
lovers,2.4
loves,2.7
loving,2.9
lovingly,3.2
low,-1.1
lowbrow,-1.9
lowdown,-0.8
lowe,0.5
lower,-1.2
lowercase,0.3
lowered,-0.5
lowering,-1
lowers,-0.5
lowest,-1.6
lowlands,-0.1
lowliest,-1.8
lowlife,-1.5
lowlifes,-2.2
lowly,-1
lows,-0.8
loyal,2.1
loyalty,2.5
lts,1.6
luck,2
lucked,1.9
luckiest,2.9
luckily,2.3
luckless,-1.3
lucky,1.8
ludicrous,-1.5
ludicrously,-0.2
lunatic,-2.2
lurking,-0.5
lurks,-0.9
ly,2.6
lying,-2.4
Mad,-2.2
mad,-2.2
maddening,-2.2
madder,-1.2
madly,-1.7
madness,-1.9
magnificent,2.9
magnificently,3.4
mandatory,0.3
maniac,-2.1
maniacs,-1.2
manipulating,-1.5
manipulation,-1.2
marvel,1.8
marvelous,2.9
masterpiece,3.1
masterpieces,2.5
matter,0.1
matters,0.1
mature,1.8
meaningful,1.3
meaningless,-1.9
medal,2.1
mediocrity,-0.3
meditative,1.4
meh,-0.3
melancholia,-0.5
melancholy,-1.9
menace,-2.2
mercy,1.5
merit,1.8
merrier,1.7
merrily,2.4
merriment,2.4
merry,2.5
mess,-1.5
messed,-1.4
messy,-1.5
mia,-1.2
mindless,-1.9
miracle,2.8
mirth,2.6
mirthful,2.7
misbehave,-1.9
mischief,-1.5
miser,-1.8
miserable,-2.2
miserably,-2.1
miseries,-2.7
misers,-1.5
misery,-2.7
misinformation,-1.3
misinformed,-1.6
misleading,-1.7
misread,-1.1
misrepresentation,-2
miss,-0.6
missed,-1.2
misses,-0.9
missing,-1.2
mistake,-1.4
mistaken,-1.5
mistakenly,-1.2
mistakes,-1.5
misunderstand,-1.5
misunderstanding,-1.8
misunderstood,-1.4
moan,-0.6
moaning,-0.4
moans,-0.6
mock,-1.8
mocked,-1.3
mockery,-1.3
mocking,-1.7
mongering,-0.8
mooch,-1.7
moocher,-1.5
moochers,-1.9
mooching,-1.7
moody,-1.5
moping,-1
moron,-2.2
moronic,-2.7
morons,-1.3
motivate,1.6
motivated,2
motivation,1.4
mourn,-1.8
mourned,-1.3
mourners,-1.8
mournful,-1.6
mourning,-1.9
mourns,-2.4
mumpish,-1.4
murder,-3.7
murdered,-3.4
murderer,-3.6
murderers,-3.3
murdering,-3.3
murderous,-3.2
murderousness,-2.9
murders,-3
nag,-1.5
nagged,-1.7
nagging,-1.7
naggy,-1.7
nags,-1.1
nah,-0.4
naive,-1.1
nasties,-2.1
nastiest,-2.4
nasty,-2.6
natural,1.5
neat,2
neater,1
neatly,1.4
neats,1.1
needy,-1.4
negative,-2.7
negativity,-2.3
neglect,-2
neglected,-2.4
nerd,-1.2
nerdish,-0.1
nerdy,-0.2
nerves,-0.4
nervous,-1.1
neurotic,-1.4
nice,1.8
nicely,1.9
niceness,1.6
nicer,1.9
nicest,2.2
nifty,1.7
no,-1.2
noble,2
noisy,-0.7
nonsense,-1.7
nosey,-0.8
notorious,-1.9
novel,1.3
numb,-1.4
number,0.3
numbing,-1.1
numbness,-1.1
numbskull,-2.3
numbskulls,-2.2
nurture,1.4
nurtured,1.9
nurtures,1.9
nurturing,2
nuts,-1.3
obliterate,-2.9
obliterated,-2.1
obnoxious,-2
obnoxiousness,-2.1
obscene,-2.8
obsessed,-0.7
obsession,-1.4
obsessions,-0.9
obsessive,-0.9
obsolete,-1.2
obstacle,-1.5
obstacles,-1.6
odd,-1.3
offend,-1.2
offended,-1
offender,-1.5
offending,-2.3
offends,-2
offense,-1
offensive,-2
ok,1.6
okay,0.9
ominous,-1.4
oops,-1.3
opportunist,0.2
opportunities,1.6
opportunity,1.8
oppressed,-2.1
oppressive,-1.7
optimism,2.5
optimist,2.4
optimistic,1.3
optimized,2
original,1.3
outgoing,1.2
outrage,-2.3
outraged,-2.5
outrageous,-2
outrages,-2.3
outreach,1.1
outstanding,3
overload,-1.5
overlooked,-0.1
overreacted,-1.7
oversell,-0.9
overselling,-0.8
oversimplify,-0.6
overweight,-1.5
overwhelm,-0.7
overwhelmed,0.2
overwhelmingly,-0.5
pain,-2.3
pained,-1.8
painful,-1.9
painfully,-2.4
painless,1.2
pains,-1.8
pal,1.4
palatable,1.6
panic,-2.3
panicked,-2
panicking,-1.9
panicky,-1.5
panics,-1.9
paradise,3.2
paradox,-0.4
paranoia,-1
paranoid,-1
pardon,1.3
partied,1.4
partier,1.4
parties,1.7
party,1.7
partying,1.6
passion,2
passionate,2.4
passionless,-1.9
passions,2.2
passive,0.8
pathetic,-2.7
pay,-0.4
peac,3
peace,2.5
peaceful,2.2
peacefully,2.4
peacetime,2.2
peculiar,0.6
penalty,-2
perfect,2.7
perfected,2.7
perfectest,3.1
perfecting,2.3
perfection,2.7
perfectionists,0.1
perfectly,3.2
perfecto,1.3
perfectomundo,1.3
perfétto,1.3
peril,-1.7
perjury,-1.9
perpetrators,-1
persecuting,-1.5
perverse,-1.8
perversity,-2.6
pervert,-2.3
perverted,-2.5
perverts,-2.8
pesky,-1.2
pessimistic,-1.5
petrified,-2.5
petty,-0.8
phobia,-1.6
piss,-1.7
pissed,-3.2
pita,-2.4
pitied,-1.3
pitiful,-2.2
pitiless,-1.8
pity,-1.2
play,1.4
played,1.4
playful,1.9
playing,0.8
plays,1
pleasant,2.3
pleasantly,2.1
pleasantries,1.3
please,1.3
pleased,1.9
pleaser,1.7
pleases,1.7
pleasing,2.4
pleasure,2.7
pleasures,1.9
pleasuring,2.8
plenti,2
po,-2.6
poised,1
poison,-2.5
poisoned,-2.2
poisoner,-2.7
poisoners,-3.1
poisoning,-2.8
poisonous,-2.7
poisons,-2.7
pollute,-2.3
polluters,-2
pollutes,-2.2
poor,-2.1
poorer,-1.5
poorest,-2.5
popular,1.8
popularity,2.1
positive,2.6
positively,2.4
poverty,-2.3
powerful,1.8
powerless,-2.2
praise,2.6
praised,2.2
praises,2.4
pray,1.3
praying,1.5
prays,1.4
precious,2.7
preciousness,1.9
prejudice,-2.3
prejudiced,-1.9
prejudices,-1.8
prejudicial,-2.6
prepared,0.9
pressure,-1.2
pressured,-0.9
pressures,-1.3
pressuring,-1.4
pressurized,0.1
pretend,-0.4
pretending,0.4
pretends,-0.4
prettied,1.6
prettier,2.1
pretties,1.7
prettiest,2.7
pretty,2.2
prevent,0.1
prevented,0.1
preventing,-0.1
prevents,0.3
prick,-1.4
pricked,-0.6
pricker,-0.3
prickers,-0.2
prickly,-0.9
pride,1.4
prison,-2.3
prisoner,-2.5
prisoners,-2.3
privilege,1.5
privileged,1.9
privileges,1.6
prize,2.3
prized,2.4
prizefighters,-0.1
prizes,2
proactive,1.8
problem,-1.7
problemo,2
problems,-1.7
profit,1.9
profitable,1.9
profiteering,-0.6
profits,1.9
progress,1.8
prominent,1.3
promiscuous,-0.3
promise,1.3
promised,1.5
promises,1.6
promising,1.7
promote,1.6
promoted,1.8
promotes,1.4
promoting,1.5
propaganda,-1
prosecute,-1.7
prosecution,-2.2
prospects,1.2
prosperous,2.1
protect,1.6
protected,1.9
protects,1.3
protest,-1
protested,-0.5
protesters,-0.9
protesting,-1.8
proud,2.1
prouder,2.2
proudest,2.6
proudly,2.6
provoke,-1.7
provoked,-1.1
provoking,-0.8
pu,-1.1
puke,-2.4
puked,-1.8
pukes,-1.9
punish,-2.4
punishable,-1.9
punished,-2
punishing,-2.6
punishment,-2.2
punishments,-1.8
punitive,-2.3
pushy,-1.1
puzzled,-0.7
questionable,-1.2
questioned,-0.4
questioning,-0.4
racism,-3.1
racist,-3
racists,-2.5
radiance,1.4
radiant,2.1
rage,-2.6
raged,-2
raging,-2.4
rainy,-0.3
rancid,-2.5
rant,-1.4
rants,-1.3
raped,-3.6
rapture,0.6
raptured,0.9
rash,-1.7
ratified,0.6
reach,0.1
reached,0.4
reaches,0.2
reaching,0.8
readiness,1
ready,1.5
reassurance,1.5
reassure,1.4
reassured,1.7
reassuring,1.7
rebel,-0.6
rebelled,-1
rebelling,-1.1
rebellion,-0.5
rebellious,-1.2
rebels,-0.8
reckless,-1.7
recommend,1.5
recommended,0.8
redeemed,1.3
reek,-2.4
reeked,-2
reeking,-2
refuse,-1.2
refused,-1.2
refusing,-1.7
regret,-1.8
regrets,-1.5
regrettable,-2.3
regretted,-1.6
regretting,-1.7
reject,-1.7
rejected,-2.3
rejecting,-2
rejection,-2.5
rejects,-2.2
rejoice,1.9
rejoicing,2.8
relax,1.9
relaxant,1
relaxation,2.4
relaxed,2.2
relaxes,1.5
relaxin,1.7
relaxing,2.2
relentless,0.2
reliant,0.5
relief,2.1
relieve,1.5
relieved,1.6
reluctant,-1
reluctantly,-0.4
remarkable,2.6
remorse,-1.1
remorseful,-0.9
remorseless,-2.3
repetitive,-1
repress,-1.4
repressed,-1.3
repressing,-1.8
repression,-1.6
repressive,-1.4
repulsed,-2.2
rescue,2.3
rescued,1.8
rescues,1.3
resent,-0.7
resented,-1.6
resentful,-2.1
resenting,-1.2
resentment,-1.9
resents,-1.2
resign,-1.4
resignation,-1.2
resigned,-1
resigning,-0.9
resolve,1.6
resolved,0.7
respect,2.1
respectability,2.4
respectable,1.9
respected,2.1
respectful,2
respectfully,1.7
respecting,2.2
respective,1.8
respectively,1.4
respects,1.3
responsible,1.3
responsive,1.5
restful,1.5
restless,-1.1
restore,1.2
restored,1.4
restores,1.2
restoring,1.2
restrict,-1.6
restricted,-1.6
restricts,-1.3
retained,0.1
retard,-2.4
retreat,0.8
revenge,-2.4
revered,2.3
revive,1.4
reward,2.7
rewarded,2.2
rewarding,2.4
rewards,2.1
rich,2.6
richer,2.4
riches,2.4
richest,2.4
richness,2.2
ridicule,-2
ridiculed,-1.5
ridiculous,-1.5
ridiculously,-1.4
rig,-0.5
rigged,-1.5
rigid,-0.5
rigorous,-1.1
riot,-2.6
riots,-2.3
risk,-1.1
risked,-0.9
risking,-1.3
risks,-1.1
risky,-0.8
rob,-2.6
robber,-2.6
robs,-2
robust,1.4
romance,2.6
romances,1.3
romantic,1.7
romantically,1.8
romanticizing,1.2
rotten,-2.3
rude,-2
rudeness,-1.5
rudest,-2.5
ruin,-2.8
ruined,-2.1
ruiner,-2
ruining,-1
ruins,-1.9
sabotage,-2.4
sad,-2.1
saddened,-2.4
saddens,-1.9
sadder,-2.4
saddest,-3
sadly,-1.8
sadness,-1.9
safe,1.9
safecracker,-0.7
safekeeping,1.4
safely,2.2
safer,1.8
safest,1.7
safety,1.8
sappy,-1
sarcasm,-0.9
sarcastic,-1
sarcastically,-1.1
satisfaction,1.9
satisfactory,1.5
satisfied,1.8
satisfies,1.8
satisfy,2
satisfying,2
savage,-2
savagely,-2.2
savagery,-2.5
savages,-2.4
save,2.2
saved,1.8
scam,-2.7
scams,-2.8
scandal,-1.9
scandalous,-2.4
scapegoat,-1.7
scare,-2.2
scarecrow,-0.8
scared,-1.9
scares,-1.4
scaring,-1.9
scary,-2.2
scoop,0.6
scorn,-1.7
scream,-1.7
screamed,-1.3
screaming,-1.6
screams,-1.2
screw,-0.4
screwball,-0.2
screwballs,-0.3
screwdriver,0.3
screwed,-2.2
screwing,-0.9
screws,-1
screwy,-1.4
scrumptious,2.1
scumbag,-3.2
secure,1.4
secured,1.7
securely,1.4
securing,1.3
securities,1.2
security,1.4
seduced,-1.5
selfish,-2.1
selfishli,-0.9
selfishly,-1.4
selfishness,-1.7
self-promot,0.9
senor,1.4
señor,1.4
señora,1.4
señorata,1.4
senorita,1.4
señorita,1.4
senseless,-1.3
sentence,0.3
sentenced,-0.1
sentences,0.2
sentencing,-0.6
sentimental,1.3
septic,-0.3
serene,2
serious,-0.3
seriously,-0.7
seriousness,-0.2
severe,-1.6
severed,-1.5
severely,-2
sex,0.8
s-e-x,0.8
sexahol,0.8
sexarossa,0.8
sexi,0.8
sexier,0.9
sexiest,1.2
sexili,1.2
sexington,1.2
sexism,1.2
sexpert,1.6
sexy,2.4
shabbi,-0.7
shabbili,-0.8
shaddap,-0.8
shaddup,-0.8
shake,-0.7
shaken,-0.3
shaking,-0.7
shaky,-0.9
shame,-2.1
shameful,-2.2
shameless,-1.4
shamelessli,-0.9
shamelessly,-1.4
shames,-1.7
share,1.2
shared,1.4
shares,1.2
sharing,1.8
shattered,-2.1
she-beast,-2
she-devil,-2
shit,-2.6
shock,-1.6
shocked,-1.3
shocking,-1.7
shockingly,-0.7
shocks,-1.6
shook,-0.4
shoot,-1.4
shortage,-1
showoff,-0.9
show-off,-0.9
showstopp,2.5
shrew,-0.9
shut,-1.3
shy,-1
shyster,-1.6
shysters,-0.9
sick,-2.3
sicken,-1.9
sickens,-2
sigh,0.1
significance,1.1
significant,0.8
silliest,0.8
silly,0.1
sin,-2.6
sincere,1.7
sincerely,2.1
sinful,-2.6
sinister,-2.9
sins,-2
skeptic,-0.9
skeptical,-1.3
skepticism,-1
slam,-1.6
slap,0.6
slash,-1.1
slashed,-0.9
slavery,-3.8
slaw,2.1
slicker,0.4
sluggish,-1.7
slut,-2.8
smart,1.7
smartass,-2.1
smarter,2
smartest,3
smarts,1.6
smarty,1.1
smear,-1.5
smell,-1.8
smile,1.5
smiled,2.5
smiles,2.1
smiley,1.7
smiling,2
smother,-1.8
smothered,-0.9
smothering,-1.4
smug,0.8
smuggle,-1.6
smuggled,-1.5
smugglers,-1.4
smuggling,-2.1
snafu,-2.5
sneaky,-0.9
snob,-2
snobby,-1.7
snobs,-1.4
snubbed,-2
sob,-2.8
sobbing,-1.6
sobering,-0.8
sobs,-2.5
solemn,-0.3
solemnly,0.8
solid,0.6
solution,1.3
solutions,0.7
solve,0.8
solved,1.1
solves,1.1
solving,1.4
soothe,1.5
soothed,0.5
soothing,1.3
sophisticated,2.6
sore,-1.5
sorri,2
sorrow,-2.4
sorrowful,-2.2
sorrows,-1.6
sorry,-0.3
spam,-1.5
spamming,-2.1
spark,0.9
sparkle,1.8
sparkles,1.3
sparkling,1.2
special,1.7
spirit,0.7
spirited,1.3
spite,-2.4
spiteful,-1.9
splendid,2.8
splendidly,2.1
splendor,3
stab,-2.8
stabbed,-1.9
stable,1.2
stabs,-1.9
stall,-0.8
stalled,-0.8
stalling,-0.8
stamina,1.2
stammer,-0.9
stank,-1.9
startle,-1.3
startled,-0.7
startling,0.3
starve,-1.9
starved,-2.6
starving,-1.8
steadfast,1
steal,-2.2
stealer,-1.7
stealing,-2.7
stealings,-1.9
steals,-2.3
stealth,-0.3
stench,-2.3
stereotype,-1.3
stimulate,0.9
stimulated,0.9
stimulating,1.9
stingy,-1.6
stink,-1.7
stinkbugs,-1
stinker,-1.5
stinkers,-1.2
stinking,-2.4
stinko,-1.5
stinkpot,-2.5
stinks,-1
stinky,-1.5
stolen,-2.2
stop,-1.2
stopped,-0.9
stopping,-0.6
stops,-0.6
stout,0.7
straight,0.9
strain,-0.2
strained,-1.7
strainer,-0.8
strains,-1.2
strange,-0.8
strangely,-1.2
strangled,-2.5
strength,2.2
stress,-1.8
stressed,-1.4
stressful,-2.3
stricken,-2.3
strike,-0.5
strikers,-0.6
strikes,-1.5
strong,2.3
stronger,1.6
strongest,1.9
stronghold,0.5
strongly,1.1
strongman,0.7
struck,-1
struggle,-1.3
struggled,-1.4
struggles,-1.5
struggling,-1.8
stubborn,-1.7
stubbornness,-1.1
stuck,-1
stunk,-1.6
stunned,-0.4
stunning,1.6
stupid,-2.4
stupider,-2.5
stupidest,-2.4
stupidity,-1.9
stupidly,-2
stupids,-2.3
stuttering,-1.3
suave,2
substantial,0.8
succeed,2.2
succeeded,1.8
succeeds,2.2
success,2.7
successful,2.8
successfully,2.2
succession,0.8
suck,-1.9
sucked,-2
sucker,-2.4
suckered,-2
suckers,-2.3
sucks,-1.5
sucky,-1.9
suffer,-2.5
suffered,-2.2
sufferer,-2
suffering,-2.1
suffers,-2.1
suicidal,-3.5
suicide,-3.5
suing,-1.1
sullen,-1.7
sunny,1.8
sunshine,2.2
super,2.9
superb,3.1
superior,2.5
superiority,1.4
superiors,1
support,1.7
supported,1.3
supporter,1.1
supporters,1.9
supporting,1.9
supportive,1.2
supports,1.5
supreme,2.6
sure,1.3
surefire,1
surely,1.9
surpris,2.8
surprise,1.1
surprised,0.9
surprises,0.9
surprising,1.1
surprisingly,1.2
survived,2.3
surviving,1.2
survivor,1.5
suspect,-1.2
suspected,-0.9
suspects,-1.4
suspended,-2.1
suspicion,-1.6
suspicions,-1.5
suspicious,-1.5
suspiciously,-1.7
swear,-0.2
swearing,-1
swears,0.2
sweet,2
sweetheart,3.3
sweethearts,2.8
sweetie,2.2
sweeties,2.1
sweetly,2.1
sweetness,2.2
sweets,2.2
swift,0.8
swiftly,1.2
swindle,-2.4
swindling,-2
sympathetic,2.3
sympathy,1.5
t?,1.5
talent,1.8
talented,2.3
talents,2
tantrum,-1.8
tantrums,-1.5
tard,-2.5
tears,-0.9
teas,0.3
tease,-1.3
teased,-1.2
teaser,-1
teasers,-0.7
teasing,-0.3
teaspoon,0.2
teaspoons,0.5
temper,-1.8
tempers,-1.3
tenderfoot,-0.1
tenderized,0.1
tenderizer,0.4
tenderizing,0.3
tenderloin,-0.2
tenders,0.6
tense,-1.4
tensed,-1
tensing,-1
tension,-1.3
tensions,-1.7
terribl,-3
terrible,-2.1
terribly,-2.6
terriff,2.2
terrific,2.1
terrified,-3
terrifies,-2.6
terrifying,-2.7
terror,-2.4
terrorism,-3.6
terrorist,-3.7
terrorists,-3.1
terrorize,-3.3
terrorized,-3.1
terrorizes,-3.1
terrorizing,-3
terrors,-2.6
tgif,2.3
thank,1.5
thanked,1.9
thankful,2.7
thankfully,1.8
thanks,1.9
thief,-2.4
thievery,-2
thieves,-2.3
thorny,-1.1
thoughtful,1.6
thoughtfully,1.7
thoughtfulness,1.9
thoughtless,-2
threat,-2.4
threaten,-1.6
threatened,-2
threatening,-2.4
threatens,-1.6
threats,-1.8
thrill,1.5
thrilled,1.9
thriller,0.4
thrillers,0.1
thrilling,2.1
thrills,1.5
thwarted,-0.1
ticked,-1.8
timid,-1
tired,-1.9
tolerance,1.2
tolerant,1.1
toothless,-1.4
top,0.8
tops,2.3
torn,-1
torture,-2.9
tortured,-2.6
torturing,-3
tough,-0.5
toughen,0.1
toughens,-0.2
tougher,0.7
toughest,-0.3
toughs,-0.8
tragedies,-1.9
tragedy,-3.4
tragic,-2
tragically,-2.7
tranquility,1.8
tranquilizer,-0.1
tranquilizers,-0.4
tranquillity,1.8
trap,-1.3
trapped,-2.4
trauma,-1.8
traumas,-2.2
traumatic,-2.7
traumatized,-1.7
traumatizing,-2.3
travesty,-2.7
treason,-1.9
treasonous,-2.7
treasure,1.2
treasured,2.6
treasurer,0.5
treasures,1.8
treasury,0.8
treat,1.7
tremble,-1.1
trembled,-1.1
trembles,-0.1
trembling,-1.5
trick,-0.2
tricked,-0.6
trickery,-1.1
tricking,0.1
tricks,-0.5
trickster,-0.9
tricky,-0.6
trite,-0.8
triumph,2.1
triumphant,2.4
triumphed,2.2
triumphs,2
trivial,-0.1
trivializes,-1
trouble,-1.7
troubled,-2
troublemaker,-2
troublemakers,-2.2
troublemaking,-1.8
troubles,-2
troublesome,-2.3
troubling,-2.5
truer,1.5
truest,1.9
truly,1.9
trust,2.3
trusted,2.1
trustful,2.1
trusting,1.7
trusts,2.1
trustworthy,2.6
trusty,2.2
truth,1.3
truthful,2
truthfully,1.9
truths,1.8
tumor,-1.6
turmoil,-1.5
ty,1.6
ugh,-1.8
uglier,-2.2
ugliest,-2.8
ugliness,-2.7
ugly,-2.3
unacceptable,-2
unappreciated,-1.7
unattractive,-1.9
unaware,-0.8
unbelievable,0.8
unbiased,-0.1
uncertain,-1.2
uncertainty,-1.4
unclear,-1
uncomfortable,-1.6
unconfirmed,-0.5
uncontrollable,-1.5
undecided,-0.9
underestimate,-1.2
underestimated,-1.1
undermine,-1.2
undermining,-1.5
undeserving,-1.9
undesirable,-1.9
unemployment,-1.9
unethical,-2.3
unfair,-2.1
unfocused,-1.7
unfortunate,-2
unfortunately,-1.4
unfriendly,-1.5
unfulfilled,-1.8
ungrateful,-2
unhappiness,-2.4
unhappy,-1.8
unhealthy,-2.4
unified,1.6
unimportant,-1.3
unimpressed,-1.4
unintelligent,-2
united,1.8
unjust,-2.3
unloved,-1.9
unmatched,-0.3
unmotivated,-1.4
unpleasant,-2.1
unprofessional,-2.3
unsavory,-1.9
unstable,-1.5
unstoppable,-0.8
unsuccessful,-1.5
unwanted,-0.9
unwelcome,-1.7
upset,-1.6
upsets,-1.5
upsetting,-2.1
uptight,-1.6
urgent,0.8
useful,1.9
useless,-1.8
vague,-0.4
vain,-1.8
validate,1.5
validated,0.9
valuable,2.1
valuables,2.1
value,1.4
valued,1.9
values,1.7
valuing,1.4
vanity,-0.9
verdict,0.6
vested,0.6
vexing,-2
vibrant,2.4
vicious,-1.5
victim,-1.1
victimless,0.6
victims,-1.3
vigilant,0.7
vigor,1.1
vile,-3.1
villain,-2.6
villainous,-2
villains,-3.4
villainy,-2.6
violate,-2.2
violated,-2.4
violates,-2.3
violating,-2.5
violation,-2.2
violations,-2.4
violence,-3.1
violent,-2.9
violently,-2.8
vip,2.3
virtue,1.8
virtues,1.5
virtuous,2.4
vision,1
visionary,2.4
visions,0.9
vital,1.2
vitality,1.3
vitamin,1.2
vivacious,1.8
vow,1.3
vulnerabilities,-0.6
vulnerable,-0.9
vulture,-2
vultures,-1.3
w?,2.7
wag,-0.2
walkouts,-0.7
wanker,-2.5
want,0.3
war,-2.9
warfare,-1.2
warm,0.9
warmed,1.1
warmer,1.2
warmers,1
warmest,1.7
warming,0.6
warms,1.1
warmth,2
warn,-0.4
warned,-1.1
warning,-1.4
warnings,-1.2
warns,-0.4
warring,-1.9
wars,-2.6
waste,-1.8
wasted,-2.2
wasting,-1.7
watch,-1.1
watchdog,-1.1
weak,-1.9
weakens,-1.3
weaker,-1.9
weakest,-2.3
weakling,-1.3
weakness,-1.8
wealth,2.2
wealthier,2.2
wealthiest,2.2
wealthy,1.5
weapon,-1.2
weaponry,-0.9
weapons,-1.9
weary,-1.1
weep,-2.7
weeper,-1.9
weeping,-1.9
weeps,-1.4
weepy,-1.3
weird,-0.7
weirder,-0.5
weirdest,-0.9
weirdo,-1.8
weirdoes,-1.3
weirdos,-1.1
welcome,2
welcomed,1.4
welcomes,1.7
welcoming,1.9
well,1.1
wells,1
welly,0.2
whimsical,0.3
whine,-1.5
whiner,-1.2
whining,-0.9
whitewash,0.1
whoa,2.2
whore,-3.3
whorehouse,-1.1
whores,-3
wicked,-2.4
wickedness,-2.1
widowed,-2.1
wimp,-1.4
wimpiness,-1.2
wimps,-1
wimpy,-0.9
win,2.8
winner,2.8
winners,2.1
winning,2.4
winnings,2.5
wins,2.7
wisdom,2.4
wise,2.1
wisecrack,-0.1
wisecracking,-0.6
wised,1.5
wiseguys,0.3
wisely,1.8
wisenheimer,-1
wiser,1.2
wisest,2.1
wish,1.7
wishes,0.6
wishing,0.9
witch,-1.5
withdrawal,0.1
woe,-1.8
woes,-1.9
won,2.7
wonder,2
wonderful,2.7
wonderfully,2.9
woo,2.1
worn,-1.2
worri,-2
worried,-1.2
worriers,-1.7
worries,-1.8
worrisome,-1.7
worry,-1.9
worrying,-1.4
worrywart,-1.8
worse,-2.1
worship,1.2
worshiped,2.4
worshiping,1
worshipped,2.7
worshipping,1.6
worships,1.4
worst,-3.1
worth,0.9
worthless,-1.9
worthwhile,1.4
worthy,1.9
wow,2.8
wowed,2.6
wreck,-1.9
wrong,-2.1
wronged,-1.9
y?,1.8
yay,2.4
yeah,1.2
yearning,0.5
yeees,1.7
yell,-3
yep,1.2
yes,1
yessir,4
yolo,1.1
youthful,1.3
yucky,-1.8
yummy,2.4
zealot,-1.9
zealous,0.5
